"Lorem","Ipsum","Dolor","Sit","Amet","Diceret"
"Iuvaret0","Apeirian0","Adipisci0","Definiebas0","Consequuntur0","Phaedrum0"
"Iuvaret1","Apeirian1","Adipisci1","Definiebas1","Consequuntur1","Phaedrum1"
"Iuvaret2","Apeirian2","Adipisci2","Definiebas2","Consequuntur2","Phaedrum2"
"Iuvaret3","Apeirian3","Adipisci3","Definiebas3","Consequuntur3","Phaedrum3"
"Iuvaret4","Apeirian4","Adipisci4","Definiebas4","Consequuntur4","Phaedrum4"
"Iuvaret5","Apeirian5","Adipisci5","Definiebas5","Consequuntur5","Phaedrum5"
"Iuvaret6","Apeirian6","Adipisci6","Definiebas6","Consequuntur6","Phaedrum6"
"Iuvaret7","Apeirian7","Adipisci7","Definiebas7","Consequuntur7","Phaedrum7"
"Iuvaret8","Apeirian8","Adipisci8","Definiebas8","Consequuntur8","Phaedrum8"
"Iuvaret9","Apeirian9","Adipisci9","Definiebas9","Consequuntur9","Phaedrum9"
